-0.0062839673;0.083596841
-0.0051568677;0.089127347
-0.0052803853;0.094491109
-0.0045547183;0.10005867
-0.0046087573;0.10536685
-0.0040220479;0.11035079
-0.0039371294;0.11548296
-0.0036437747;0.12061512
-0.0033195405;0.12587698
-0.0034970974;0.13089797
-0.002454916;0.13600235
-0.0027637105;0.1406991
-0.0016134511;0.14523838
-0.0021384016;0.14964798
-0.0004400321;0.15400198
-0.0011579792;0.15842083
0.00033195404;0.1629601
-0.00067934784;0.16756423
0.00089550397;0.17236289
-0.0002007164;0.17633708
0.0016597703;0.18043169
0.00073338684;0.18414649
0.0020303237;0.18774086
0.00097270258;0.19159462
0.0025629941;0.1954391
0.0016366107;0.19889452
0.0027405508;0.20191452
0.0022773591;0.20493454
0.0033658596;0.20809351
0.0031265439;0.21102087
0.0036514946;0.21402235
0.0034430583;0.21691267
0.0037981719;0.21985857
0.0037364131;0.2222857
0.0036978137;0.22437006
0.0041687251;0.22649148
0.0043926011;0.22874258
0.0049407114;0.230864
0.0042999629;0.23280014
0.0050565093;0.23431942
0.0042382041;0.2359869
0.0054347827;0.23740427
0.0044389204;0.23870121
0.0058362153;0.23972949
0.0041455659;0.24062809
0.0056586587;0.24135067
0.0044697998;0.24194355
0.0061064106;0.24235116
0.0050333496;0.24258275
0.0063997651;0.24274951
0.0054965415;0.2425735
0.0068243579;0.24235116
0.0060292119;0.24185091
0.0072798296;0.24121171
0.0069710352;0.24032238
0.0078665391;0.23919219
0.0080518154;0.23766366
0.0087002842;0.23580164
0.0093410322;0.23378211
0.010352335;0.23125309
0.011911746;0.22758462
0.014922492;0.22147974
0.032562375;0.19920023
0.12643589;0.076528534
0.20748672;-0.0302001
0.17798913;0.0033720357
0.17709363;0.0037796444
0.17754909;-0.00036128954
0.17551878;0.0011765069
0.17215292;0.00099123025
0.17141181;0.00080595358
0.16800734;0.00077816204
0.16690341;0.00075037056
0.16336;0.0006206769
0.16195498;0.00057435769
0.15841156;0.00050951086
0.15664372;0.00044466404
0.1528687;0.00037055335
0.15042922;0.00029644268
0.14650753;0.00021306818
0.14391366;0.00015748518
0.14033936;4.6319168e-005
0.13725914;-7.4110671e-005
0.13391644;-0.00017601285
0.13031898;-0.0003520257
0.12713841;-0.00062994071
0.12357183;-0.0010282856
0.12059196;-0.0012969368
0.1159446;-0.0014544219
0.11300334;-0.0015933794
0.10786963;-0.0017786562
0.10514452;-0.0019454052
0.09978693;-0.002177001
0.097262539;-0.0022789033
0.091657914;-0.0026031374
0.088492773;-0.0027976779
0.082903594;-0.0031311759
0.080394641;-0.0033998271
0.074874938;-0.0037796444
0.071732953;-0.0041131424
0.066375367;-0.0045207511
0.062916875;-0.0048357216
0.057559289;-0.0050024702
0.054201148;-0.0054193428
0.049461152;-0.0060492838
0.04583282;-0.0069200839
0.041532855;-0.0078557311
0.037765563;-0.0089581273
0.03409091;-0.010338439
0.030184658;-0.012033721
0.026463686;-0.014016181
0.023360301;-0.016128335
0.020843627;-0.018611042
0.01730793;-0.021983078
0.015609561;-0.025799777
0.013046566;-0.029699853
0.012544775;-0.033989009
0.010259696;-0.037953928
0.010182497;-0.042335723
0.0083374502;-0.047338191
0.0089781992;-0.052664895
0.0073415884;-0.057954546
0.0082756914;-0.063392416
0.0064538042;-0.069034092
0.0074265068;-0.074786931
0.0059288535;-0.080447137
0.0067317192;-0.085755311
0.0052803853;-0.091137595
0.0059597334;-0.096760742
0.0048635127;-0.10185585
0.0051723071;-0.10733078
0.0042150444;-0.11233325
0.0044852397;-0.11750247
0.0039371294;-0.12255126
0.0035434165;-0.12779459
0.0030030261;-0.13287117
0.0026556323;-0.13796628
0.0027251111;-0.14287612
0.0019222456;-0.14748023
0.0017524086;-0.1517138
0.00096498273;-0.15630867
0.0011888586;-0.16054225
9.2638336e-005;-0.16475728
0.00088006421;-0.16894454
-0.00044775198;-0.17330781
0.00042459238;-0.17718935
-0.0011888586;-0.1811728
-0.00024703558;-0.18503582
-0.0016443306;-0.18868577
-0.00063302869;-0.19233572
-0.0020843626;-0.19567996
-0.00098042248;-0.19906126
-0.002400877;-0.20223875
-0.0013123765;-0.20499939
-0.0028872283;-0.20808424
-0.0019454052;-0.21117836
-0.0032114624;-0.21387413
-0.0026556323;-0.21632905
-0.0034739377;-0.21883029
-0.0033272603;-0.22109993
-0.0037827322;-0.22320281
-0.0036051753;-0.22518528
-0.0038830903;-0.22731596
-0.0040838066;-0.22918725
-0.0038290513;-0.23091958
-0.0043231226;-0.23236474
-0.0036128953;-0.23383769
-0.0046936758;-0.23509757
-0.00389853;-0.2364223
-0.0048171938;-0.23756176
-0.0038676506;-0.23846962
-0.0051877471;-0.23912735
-0.0040683672;-0.23960906
-0.0056432188;-0.23990551
-0.0042690835;-0.23997962
-0.0057049775;-0.23991477
-0.0048635127;-0.23961833
-0.0064074853;-0.23899765
-0.0055968999;-0.23822875
-0.0070019145;-0.23699667
-0.0064306445;-0.23562562
-0.0081058545;-0.23388402
-0.0076967021;-0.2323277
-0.0088469619;-0.23030818
-0.0095263096;-0.22775136
-0.011734189;-0.22413847
-0.014922492;-0.2180336
-0.032539219;-0.19533721
-0.12929997;-0.069849305
-0.20569572;0.032451209
-0.17717855;-0.0016396986
-0.17517138;-0.0011765069
-0.17730978;0.0028162056
-0.17322597;0.0013710475
-0.17206028;0.0015933794
-0.16898005;0.0017786562
-0.1681077;0.0017786562
-0.16459517;0.001843503
-0.16352983;0.0019268774
-0.15992466;0.0019546689
-0.15865088;0.0020380435
-0.15469059;0.0021677371
-0.15335505;0.0021492094
-0.14918633;0.0023066946
-0.14713284;0.0023530137
-0.14264761;0.002454916
-0.14020813;0.0025197628
-0.13622467;0.0026216651
-0.13341466;0.0026957756
-0.12958559;0.0028625247
-0.12648222;0.0030663291
-0.12338655;0.0033998271
-0.1195189;0.0036962698
-0.11565897;0.0038908103
-0.11172184;0.0040482953
-0.10820158;0.0041501978
-0.10341527;0.0043262104
-0.099964492;0.0044651679
-0.094830781;0.0046689725
-0.091804594;0.0048264577
-0.086694047;0.0050765811
-0.083498023;0.0052711214
-0.078125;0.0055583003
-0.075284094;0.0058732708
-0.069617711;0.006243824
-0.066869445;0.0066699605
-0.061064105;0.0070497775
-0.057736844;0.0074203312
-0.052356102;0.007753829
-0.049275879;0.0084393527
-0.043980051;0.0093472088
-0.041085105;0.01036623
-0.036375988;0.011589056
-0.033635437;0.012960103
-0.030146061;0.014627594
-0.027413229;0.016628582
-0.02403193;0.019018652
-0.021052063;0.021612525
-0.018350111;0.024530632
-0.015640439;0.027948987
-0.013787673;0.031432189
-0.01172647;0.035452694
-0.011139761;0.040408842
-0.0093333125;0.045364995
-0.0091480361;0.050617591
-0.0071717515;0.05569417
-0.0079823369;0.061447009
-0.0062839673;0.066940464
-0.0074110674;0.072359808
-0.0054811016;0.077927373
-0.0067548789;0.083615363
-0.0050024702;0.089145876
-0.0056432188;0.09456522
-0.0040374878;0.10011426
-0.0047863144;0.10545022
-0.0032886611;0.11045269
-0.0039216899;0.11553854
-0.0028023098;0.1206985
-0.003188303;0.12587698
-0.0021924407;0.13095355
-0.0027559907;0.13599308
-0.0019222456;0.1407547
-0.0018604867;0.14530323
-0.0011888586;0.14978693
-0.00091866351;0.15401123
-0.00075654645;0.15845788
-0.0001621171;0.16299716
-0.0003628335;0.16765687
0.00050179102;0.17238142
0.00016983696;0.1763556
0.0010113019;0.18041317
0.00030107461;0.18415576
0.0019840044;0.18775013
0.00088778412;0.19162241
0.0027482708;0.19542058
0.001567132;0.19889452
0.0031419836;0.20192379
0.0020303237;0.20495306
0.0032963809;0.20813055
0.0022233201;0.21107645
0.0037595725;0.2140872
0.002686512;0.21696825
0.0041610054;0.21990488
0.0034893774;0.22237833
0.0045855977;0.2244627
0.0040452075;0.22657485
0.0049870308;0.22880743
0.0042922432;0.2309937
0.004925272;0.23279089
0.0050410698;0.23438427
0.0049947505;0.23599617
0.0052340664;0.23741354
0.0051105483;0.23869194
0.0053884634;0.23974803
0.0050719492;0.24071147
0.0055737402;0.24141552
0.005133708;0.24197134
0.0061450098;0.24243453
0.0052109067;0.24263833
0.0065310029;0.24272172
0.0054502222;0.24261981
0.0067548789;0.24237895
0.0059751729;0.24192503
0.007604064;0.24123023
0.0063843257;0.24038723
0.0082139326;0.23917367
0.0075654644;0.23777483
0.0093333125;0.23581089
0.0089936387;0.23377284
0.010985363;0.23128088
0.011487154;0.22764945
0.015833436;0.22158164
0.03231534;0.19922802
0.12755528;0.076445155
0.20712389;-0.030163044
0.17883831;0.0035017293
0.17701642;0.0038074357
0.17838284;-0.00036128954
0.17499383;0.00111166
0.17247716;0.00099123025
0.17123425;0.00077816204
0.16821578;0.00081521738
0.16680305;0.00072257908
0.16322875;0.00064846838
0.16186234;0.00061141304
0.15810277;0.00050951086
0.15672091;0.0004354002
0.15235147;0.00038908102
0.15068398;0.00030570652
0.14636086;0.00024085968
0.14445405;0.00022233202
0.14003058;4.6319168e-005
0.13785356;-3.7055335e-005
0.13356133;-0.00017601285
0.13097517;-0.00030570652
0.12666748;-0.00064846838
0.1240659;-0.00092638342
0.12015965;-0.0012135622
0.11668571;-0.0014266304
0.11243206;-0.0015285326
0.10856441;-0.0017416008
0.10462728;-0.0019083498
0.1005512;-0.0021399457
0.096783906;-0.0023159585
0.092005312;-0.0025475544
0.088346094;-0.0028254695
0.08361382;-0.0030848568
0.08074975;-0.0034090909
0.075415328;-0.0037240612
0.072311945;-0.0040668231
0.066583805;-0.0044651679
0.063611656;-0.0048264577
0.057729125;-0.0049654152
0.054672059;-0.0053822878
0.049190957;-0.0060122283
0.04640409;-0.0068367096
0.040876668;-0.0078186756
0.03802032;-0.0089488635
0.033318922;-0.010319911
0.03075593;-0.012005929
0.026224369;-0.01398839
0.023854373;-0.01609128
0.02006392;-0.018648097
0.018072195;-0.021936759
0.015331645;-0.025762722
0.013502038;-0.029681325
0.011958065;-0.033951953
0.010676568;-0.037907608
0.0099123027;-0.042363513
0.0088392412;-0.047319666
0.0085922061;-0.052655634
0.0072721099;-0.057917491
0.0076503828;-0.063410945
0.0065927617;-0.069034092
0.0075037056;-0.074722081
0.0058748149;-0.080437869
0.0067703188;-0.085829422
0.0052803853;-0.091165394
0.0062144888;-0.096770011
0.0047245552;-0.1019207
0.0056277793;-0.1072752
0.0040915268;-0.11232398
0.0051105483;-0.11748394
0.0035125371;-0.12256052
0.0040529273;-0.12779459
0.0030107461;-0.13285264
0.003458498;-0.13794775
0.002400877;-0.14285758
0.0025707139;-0.14740613
0.0014822134;-0.15173234
0.0013818552;-0.15622529
0.00096498273;-0.16051446
0.00066390808;-0.16472949
0.00033967392;-0.16892602
-6.9478752e-005;-0.17326149
-6.9478752e-005;-0.17721714
-0.00086462451;-0.18112648
-0.00041687253;-0.18508214
-0.0017601284;-0.18867651
-0.00086462451;-0.19234498
-0.0023468379;-0.19570775
-0.0012737772;-0.19911684
-0.0028177495;-0.20227581
-0.0016906497;-0.20501791
-0.0032423418;-0.20809351
-0.0021075222;-0.21117836
-0.0036437747;-0.21390192
-0.0024317564;-0.2163939
-0.0039216899;-0.2188766
-0.0031651433;-0.22114624
-0.0044157607;-0.22320281
-0.0036206152;-0.22518528
-0.0046164771;-0.22725111
-0.0038753706;-0.22915946
-0.0045315586;-0.23088254
-0.0040760869;-0.23242033
-0.0047940342;-0.2337358
-0.0044234809;-0.23517169
-0.004631917;-0.23637599
-0.0046010376;-0.23757102
-0.0049638711;-0.23841403
-0.0053035449;-0.23914587
-0.0049021123;-0.23960906
-0.0056277793;-0.23988698
-0.0051028286;-0.23998888
-0.0063302866;-0.23979434
-0.0054656621;-0.23959054
-0.0069092764;-0.23895134
-0.0056123394;-0.23828433
-0.0072026309;-0.23700593
-0.0064152051;-0.235709
-0.0083451709;-0.23397666
-0.007604064;-0.23228137
-0.0097579053;-0.2303545
-0.0094259512;-0.22776988
-0.01226686;-0.22418478
-0.014922492;-0.21804287
-0.033357523;-0.19539279
-0.1287673;-0.069951214
-0.2063133;0.032460473
-0.17668447;-0.0015748518
-0.17597425;-0.0012228261
-0.1769238;0.0028347331
-0.17376636;0.0013617836
-0.17149673;0.0015470603
-0.16947412;0.0017416008
-0.16765223;0.0017416008
-0.16513556;0.001843503
-0.16329052;0.0018527668
-0.16035697;0.0020102519
-0.15830348;0.0020565712
-0.15487586;0.0021862648
-0.1530617;0.0022325839
-0.14910913;0.0023159585
-0.14730269;0.0023808053
-0.14242373;0.0024456521
-0.14039341;0.0025568181
-0.1357692;0.0026494565
-0.13381608;0.0027050395
-0.12960875;0.0028995799
-0.12716928;0.0030570652
-0.12273036;0.0035202568
-0.11998981;0.0037055337
-0.11543509;0.0039093378
-0.11227767;0.0040482953
-0.10783875;0.0041872528
-0.10438025;0.0043169465
-0.09968657;0.0045022233
-0.095564164;0.0046689725
-0.091480359;0.004844985
-0.087597273;0.0050487895
-0.083351344;0.005298913
-0.078642234;0.0055953558
-0.074844062;0.0058732708
-0.069957383;0.0061975052
-0.066892602;0.0066792243
-0.061233941;0.0070590414
-0.057968441;0.0073925396
-0.05234066;0.007753829
-0.049391676;0.0084393527
-0.043910574;0.0093564726
-0.041046504;0.010347703
-0.036121234;0.011607584
-0.033936512;0.012969367
-0.029667428;0.014655385
-0.027760623;0.016637845
-0.023422061;0.019027915
-0.021492096;0.02160326
-0.017693924;0.024530632
-0.016126791;0.027939724
-0.013471158;0.031469245
-0.01230546;0.035443429
-0.010483572;0.040399581
-0.0095803486;0.045392785
-0.0086153653;0.050663907
-0.0079360176;0.055786807
-0.0074882656;0.06149333
-0.006808918;0.067033105
-0.0067162798;0.072359808
-0.0058670947;0.077955164
-0.0063225669;0.083643161
-0.0049715908;0.089182928
-0.0054656621;0.09456522
-0.0040606475;0.10010499
-0.0050101904;0.10545949
-0.003172863;0.11040638
-0.0043231226;0.11552928
-0.0027173914;0.12062439
-0.0037672925;0.12586771
-0.0023082385;0.13096282
-0.0032423418;0.13603014
-0.0016983695;0.14080101
-0.002454916;0.14523838
-0.00098814233;0.14984252
-0.0014127347;0.15397419
-4.6319168e-005;0.15848567
-0.00043231226;0.16299716
0.00014667737;0.16771245
0.0002393157;0.17235363
0.00091094367;0.17640193
0.0011348197;0.18042243
0.00094182312;0.18420208
0.0015208127;0.18778718
0.0016983695;0.19170578
0.0022464797;0.19548543
0.0018296072;0.19896862
0.0028795083;0.20197012
0.0023777173;0.20495306
0.0034893774;0.20814909
0.0027637105;0.21107645
0.0040066084;0.21412426
0.0032423418;0.2170331
0.0045701582;0.21992342
0.0034662178;0.2223876
0.0049484312;0.22449049
0.0037981719;0.22660264
0.0050565093;0.22884449
0.0039911685;0.23103076
0.0052803853;0.23275383
0.004354002;0.2345047
0.0055583003;0.23595911
0.0047322754;0.23747839
0.0053344243;0.23875679
0.0049870308;0.23980361
0.0056200591;0.24074852
0.0055042612;0.24145257
0.0056046196;0.24203619
0.0056663784;0.24247159
0.0057590166;0.24274951
0.0064229248;0.24278656
0.0059134141;0.24272172
0.0066622407;0.2424438
0.0065618823;0.2420084
0.007604064;0.24131361
0.0068166377;0.24044281
0.0083220107;0.23921072
0.0076503828;0.23777483
0.00948771;0.23588501
0.0091248769;0.2338099
0.011263278;0.23134573
0.011386796;0.2276402
0.016149951;0.22164649
0.032184102;0.19926506
0.12757844;0.076648965
0.20668386;-0.0302001
0.17926291;0.0035017293
0.17668447;0.0038352273
0.17906219;-0.00029644268
0.17498611;0.0012042985
0.17330317;0.0010282856
0.17098722;0.00083374506
0.16861722;0.00084300892
0.16629355;0.00075963436
0.16396986;0.00065773219
0.16199358;0.00061141304
0.15902144;0.00050951086
0.15670547;0.00047245555
0.15311573;0.00039834486
0.15057591;0.00036128954
0.14650753;0.00021306818
0.14463161;0.00015748518
0.14032392;6.4846841e-005
0.13803884;-9.2638338e-006
0.13363081;-0.0001389575
0.13129941;-0.00028717885
0.12662889;-0.00064846838
0.12449049;-0.00094491109
0.12013648;-0.0012876729
0.1174577;-0.0014173666
0.11225451;-0.0015377965
0.10927464;-0.0017230731
0.10443429;-0.0019176137
0.10112247;-0.0021028903
0.096575469;-0.0023715415
0.092785016;-0.0025475544
0.08816082;-0.0028162056
0.084046133;-0.0030663291
0.080016367;-0.0033812993
0.075662367;-0.0037518528
0.071725234;-0.0041131424
0.067023836;-0.0044744317
0.063241109;-0.004844985
0.057736844;-0.005020998
0.054154828;-0.0054471344
0.049059723;-0.0060585476
0.046218812;-0.0068645012
0.04121634;-0.0078372033
0.038329113;-0.0089210719
0.033411562;-0.010329175
0.030871727;-0.012015193
0.025776617;-0.014006917
0.023831213;-0.016109807
0.01950809;-0.018518405
0.018103076;-0.021908967
0.01506145;-0.025725666
0.013996109;-0.029635005
0.011541193;-0.033933423
0.0111938;-0.037926137
0.0098196641;-0.042363513
0.0094799902;-0.047291871
0.0083528906;-0.052674159
0.0079282979;-0.057898961
0.0076735425;-0.063383155
0.0073029893;-0.069052622
0.0071408721;-0.074694291
0.0061450098;-0.080400817
0.0063457261;-0.085783102
0.0053112647;-0.091137595
0.0059906128;-0.096760742
0.0048326333;-0.1018188
0.0054733818;-0.1072752
0.0038908103;-0.11224061
0.004909832;-0.11744688
0.003172863;-0.12255126
0.0042382041;-0.12775753
0.0026015933;-0.13285264
0.0036206152;-0.13793848
0.0021306819;-0.14285758
0.0027251111;-0.14738759
0.0012428977;-0.15173234
0.0018141675;-0.15617898
0.00050951086;-0.16051446
0.0010730608;-0.16469245
1.5439724e-005;-0.16889822
0.00028563489;-0.17327075
-0.00043231226;-0.17722641
-0.00040915268;-0.18111722
-0.00093410327;-0.18501729
-0.0010962203;-0.1887043
-0.0014127347;-0.19232646
-0.0015439723;-0.19567996
-0.0016674901;-0.19903347
-0.0027251111;-0.2022295
-0.0021384016;-0.20500864
-0.0028563489;-0.20811203
-0.0023468379;-0.21119688
-0.0038213315;-0.21390192
-0.0029953064;-0.21636611
-0.0039834487;-0.21882102
-0.0030261858;-0.22113699
-0.0046859561;-0.22319356
-0.0036206152;-0.22521307
-0.0051105483;-0.2272789
-0.003682374;-0.2292521
-0.0049484312;-0.23079915
-0.0037209734;-0.23241107
-0.0051414277;-0.23368947
-0.00389853;-0.23519021
-0.0049175518;-0.23639451
-0.0041224062;-0.23762661
-0.0048943921;-0.23846962
-0.0047708745;-0.23918293
-0.0047245552;-0.23967391
-0.0047708745;-0.23992404
-0.0049715908;-0.24004446
-0.0053421441;-0.23991477
-0.0053189849;-0.23960906
-0.0058207759;-0.23909956
-0.0058439351;-0.23830287
-0.0071254321;-0.23707077
-0.0066931201;-0.23573679
-0.0082756914;-0.23394886
-0.0077970601;-0.23226285
-0.0096729863;-0.23039155
-0.0098814229;-0.22776063
-0.012428978;-0.22416626
-0.014791255;-0.21802433
-0.033697195;-0.19533721
-0.12903748;-0.069765933
-0.20676106;0.032441948
-0.17660728;-0.0015655879
-0.17652236;-0.0011950346
-0.17671536;0.0028995799
-0.17438395;0.0013895751
-0.17141181;0.0016489625
-0.17023839;0.0017971838
-0.16760592;0.0017693923
-0.16577631;0.0018342391
-0.16344491;0.0019361413
-0.16099772;0.0020287796
-0.15858912;0.0020843626
-0.15555522;0.0021492094
-0.15322381;0.0022140564
-0.14941792;0.0023066946
-0.14706336;0.0024085969
-0.14284831;0.0024641799
-0.14020041;0.0025382906
-0.13592361;0.0026494565
-0.13355361;0.0027791501
-0.12923048;0.0028625247
-0.12706892;0.0030292738
-0.12237525;0.0034832016
-0.11986629;0.0037240612
-0.11509541;0.0039093378
-0.11262506;0.0039927126
-0.10774611;0.0041872528
-0.10454237;0.0042891554
-0.099400938;0.0045022233
-0.09612;0.0046689725
-0.091271922;0.0048635127
-0.088006422;0.005020998
-0.082988515;0.0052803853
-0.078981906;0.005576828
-0.074612461;0.0058732708
-0.070420578;0.0062160324
-0.066143773;0.0066699605
-0.061334301;0.0070405137
-0.057512969;0.0073740119
-0.052549098;0.0078001483
-0.04907516;0.0084578805
-0.043995492;0.009402791
-0.041115984;0.010421813
-0.036098074;0.011626111
-0.033766676;0.012987895
-0.029636549;0.014692441
-0.027745184;0.016665637
-0.023514699;0.019092761
-0.021700531;0.021640316
-0.017261611;0.024576951
-0.016211709;0.027967514
-0.013139204;0.0315063
-0.012621974;0.035480484
-0.010089859;0.040436637
-0.0099509014;0.045429841
-0.0084069297;0.050728753
-0.008314291;0.055805337
-0.0072489502;0.061474804
-0.0073724678;0.067079425
-0.0067394394;0.072359808
-0.0066004819;0.077964425
-0.0061064106;0.083652422
-0.0053807436;0.089155138
-0.0052803853;0.094583742
-0.0043771616;0.10004941
-0.0048017539;0.10545022
-0.0035434165;0.11044343
-0.0040220479;0.11556633
-0.0026633523;0.12070776
-0.003458498;0.12591404
-0.0019145256;0.13096282
-0.0028795083;0.13601162
-0.0015825717;0.14076395
-0.002447196;0.14521986
-0.00077970605;0.14983325
-0.0016288909;0.15399271
9.2638336e-005;0.15849493
-0.00058670947;0.16302495
0.0007874259;0.16769393
-2.3159584e-005;0.17239068
0.0013895751;0.1764112
0.00050179102;0.18042243
0.0015825717;0.18419281
0.0012892169;0.18778718
0.0022696394;0.19164093
0.0020071641;0.19544837
0.0025166748;0.19891304
0.0026633523;0.20196085
0.0030956645;0.20495306
0.0034893774;0.20817688
0.0033890193;0.21111351
0.0039294097;0.21407793
0.0036206152;0.21701458
0.0042613638;0.21993268
0.0038830903;0.22240612
0.0050101904;0.22443491
0.0040760869;0.22661191
0.004909832;0.22877964
0.0042073247;0.23101223
0.0054502222;0.23274456
0.0040143281;0.23453249
0.0055891797;0.23596838
0.0042459238;0.23754323
0.0057126977;0.23873827
0.0045933179;0.23982213
0.0061836094;0.24066514
0.0049021123;0.24145257
0.0064306445;0.24202693
0.0051723071;0.24237895
0.0062144888;0.24267539
0.0055583003;0.24272172
0.0066082017;0.24268466
0.0062685278;0.24239749
0.0067548789;0.24198987
0.0066313613;0.24125803
0.0071717515;0.24040575
0.0076967021;0.23919219
0.0079437373;0.23773777
0.0085844863;0.23594059
0.0090476777;0.2338099
0.010661129;0.23133646
0.011402235;0.22766799
0.015872035;0.22159091
0.032245863;0.19927433
0.12762475;0.076871291
0.20672245;-0.0302001
0.1794945;0.003510993
0.17609777;0.0038259635
0.17868392;-0.00032423419
0.17418323;0.0012042985
0.17365828;0.0010282856
0.17031559;0.00085227273
0.16930428;0.00085227273
0.16560647;0.00075963436
0.16447166;0.00067625986
0.16105947;0.00059288536
0.15953094;0.00058362156
0.15597981;0.00046319171
0.15378736;0.00040760869
0.15026711;0.00028717885
0.14722548;0.00026865117
0.1438905;0.00014822134
0.14068677;7.4110671e-005
0.13766058;3.7055335e-005
0.13393959;-0.00012042984
0.13080534;-0.00030570652
0.12682189;-0.00059288536
0.12425117;-0.00094491109
0.11976594;-0.0012135622
0.11716434;-0.0013803112
0.11184536;-0.0015655879
0.1092206;-0.001676754
0.1036623;-0.0019083498
0.10120738;-0.0021028903
0.095957883;-0.0023437501
0.093309969;-0.0025290267
0.087574109;-0.0028162056
0.084347211;-0.0030663291
0.079506852;-0.0033812993
0.076596469;-0.0036684782
0.071231164;-0.0040946146
0.067571945;-0.0044373763
0.062507719;-0.0048357216
0.058740426;-0.0050580534
0.05364532;-0.0053822878
0.050101902;-0.0060214922
0.045732461;-0.0068367096
0.041772172;-0.0078001483
0.03799716;-0.0089395996
0.034005992;-0.010273592
0.030802248;-0.01195961
0.02623209;-0.013969862
0.023939291;-0.016026434
0.019924963;-0.01850914
0.018110795;-0.021862648
0.015092329;-0.025725666
0.014605979;-0.029588686
0.011896307;-0.033933423
0.011695591;-0.037870552
0.0092947138;-0.042307928
0.0098042246;-0.04723629
0.008036376;-0.052618578
0.0087002842;-0.0578897
0.006878397;-0.063290514
0.0077584609;-0.069043353
0.0063534463;-0.0746665
0.0072412305;-0.080335967
0.0060214922;-0.08574605
0.0065155635;-0.091119073
0.0053344243;-0.096770011
0.0055428608;-0.10179101
0.0045238389;-0.10731225
0.0045161191;-0.11225914
0.0044312007;-0.11742836
0.0038290513;-0.12247715
0.0036746541;-0.12771122
0.0033195405;-0.13276927
0.003404459;-0.13793848
0.0022464797;-0.14281127
0.0028254695;-0.14733201
0.0013586957;-0.15164897
0.0020612031;-0.1561975
0.00040915268;-0.16044034
0.0012814971;-0.16469245
-0.00020843626;-0.16888896
0.00090322382;-0.17321517
-0.00060986908;-0.17719862
0.00031651434;-0.18107089
-0.0013123765;-0.18501729
-0.00013123766;-0.18863019
-0.001845047;-0.19231719
-0.00085690466;-0.19561511
-0.0023777173;-0.19902422
-0.0014667737;-0.20217392
-0.002686512;-0.20495306
-0.0020920825;-0.20798233
-0.0029953064;-0.21110424
-0.002678792;-0.21377224
-0.0033349802;-0.21629199
-0.0032346221;-0.21876544
-0.0036360549;-0.2210536
-0.0039834487;-0.22314723
-0.0037904521;-0.22515748
-0.0042768032;-0.22716774
-0.0038367712;-0.22914094
-0.0045469985;-0.23075284
-0.0041069663;-0.2322721
-0.0049638711;-0.23357831
-0.0038444912;-0.23510684
-0.0054811016;-0.23624629
-0.0043771616;-0.2374506
-0.0055505806;-0.23833992
-0.0042613638;-0.2390625
-0.0057126977;-0.23948863
-0.0044775195;-0.23981287
-0.0060600913;-0.23992404
-0.004631917;-0.23981287
-0.00613729;-0.23947011
-0.004925272;-0.23898838
-0.0068011982;-0.23805274
-0.0059056943;-0.2369874
-0.0075809043;-0.23548666
-0.007086833;-0.23392107
-0.0086694043;-0.23220727
-0.0087157236;-0.23026186
-0.010383214;-0.22767724
-0.011587513;-0.22407362
-0.015362524;-0.21796875
-0.033102766;-0.19532794
-0.12952384;-0.069802992
-0.20618206;0.032460473
-0.17726347;-0.001510005
-0.17636023;-0.0011672431
-0.17702414;0.0028903163
-0.17410605;0.0013988389
-0.17121109;0.0016119072
-0.17015347;0.00178792
-0.16706553;0.0018064476
-0.16572998;0.0018620306
-0.16250309;0.0019639328
-0.16148406;0.0020195157
-0.15770905;0.0020936264
-0.1563272;0.0021862648
-0.15227427;0.0022789033
-0.15039063;0.0023066946
-0.14615242;0.0024085969
-0.14402173;0.0024827076
-0.13895752;0.0025938735
-0.13672647;0.0026216651
-0.13258862;0.0027606224
-0.13022634;0.0028903163
-0.12591094;0.0031589675
-0.12310091;0.0035017293
-0.11877779;0.0037981719
-0.11556633;0.0039371294
-0.11172184;0.0040760869
-0.10788507;0.0042243083
-0.10377038;0.0044003213
-0.099316023;0.0045300149
-0.095517851;0.0047060275
-0.09097857;0.0049561514
-0.08766675;0.0050951089
-0.082286008;0.0053730239
-0.079128578;0.0056324112
-0.07381732;0.0059195901
-0.070590414;0.0062716156
-0.064962633;0.0067162798
-0.061774332;0.0071516801
-0.055876359;0.0073462203
-0.052896492;0.0078372033
-0.047214676;0.0085227275
-0.044273406;0.0094120549
-0.039247777;0.010486661
-0.036700223;0.011616847
-0.032199543;0.013062006
-0.029991662;0.014627594
-0.02619349;0.016711956
-0.023723135;0.019074235
-0.020465354;0.021695899
-0.017987277;0.024558423
-0.01510777;0.028013835
-0.013247282;0.03145998
-0.011934906;0.03549901
-0.01007442;0.040492218
-0.0093487529;0.045411315
-0.0079900566;0.050728753
-0.0077353013;0.055768281
-0.006291687;0.061465539
-0.0069015562;0.067060895
-0.0056277793;0.072350547
-0.0063920454;0.077955164
-0.0050719492;0.083698742
-0.0058284956;0.089210719
-0.0042304844;0.094630063
-0.0052881055;0.10013278
-0.0034662178;0.10552433
-0.0043694419;0.11049901
-0.0027482708;0.11562191
-0.0037055337;0.12072629
-0.0022927988;0.12596035
-0.0033272603;0.13100915
-0.0019685647;0.13604866
-0.002400877;0.14081028
-0.0012660574;0.14535882
-0.001227458;0.14983325
-0.00051723071;0.15414093
-0.00019299654;0.15856905
0.00018527667;0.16304348
0.00051723071;0.16769393
0.00047091156;0.17243701
0.0011811388;0.17638341
0.00098042248;0.18048728
0.0016674901;0.18419281
0.001335536;0.18787055
0.0023391182;0.19175211
0.0015208127;0.19553174
0.0030107461;0.19899642
0.00223104;0.20197012
0.0037209734;0.2050457
0.0025475544;0.20817688
0.0040606475;0.21119688
0.0029721467;0.21416132
0.0046627964;0.21712574
0.0035897356;0.21996973
0.0050873887;0.22245245
0.0040374878;0.2244627
0.0053344243;0.22659338
0.0044852397;0.22887228
0.0053344243;0.23094738
0.0047785942;0.23282795
0.0053498643;0.23447691
0.0049793106;0.23607028
0.0056818184;0.2374506
0.005411623;0.23873827
0.0056895381;0.23981287
0.0058670947;0.24066514
0.0057358574;0.24143404
0.0059134141;0.24199913
0.0058362153;0.24242528
0.0064846836;0.24269392
0.0059674531;0.24281435
0.006793478;0.24269392
0.0060755312;0.24241601
0.0074110674;0.24196208
0.0063380064;0.24131361
0.0081212949;0.24041502
0.0069555952;0.23930337
0.0090785576;0.23770998
0.0084378086;0.2359869
0.010244257;0.23384696
0.0097193057;0.23138279
0.012537056;0.22772357
0.014822135;0.2216187
0.033234004;0.19930212
0.12676013;0.076574855
0.20773375;-0.030135252
0.17826705;0.0035480484
0.17761858;0.0038908103
0.17826705;-0.00028717885
0.17524086;0.0012598814
0.17289402;0.0010931324
0.17114933;0.0008708004
0.16883337;0.00086153654
0.16658689;0.00081521738
0.16418602;0.0007040514
0.1616925;0.00065773219
0.15946147;0.00055583002
0.15625;0.00053730235
0.15402669;0.00044466404
0.14987339;0.0003520257
0.14771955;0.00027791501
0.14345047;0.00016674901
0.14142014;8.3374507e-005
0.13689631;0
0.13495091;-6.4846841e-005
0.13012598;-0.00032423419
0.12808022;-0.00049098319
0.12370306;-0.0010190217
0.12128675;-0.0011301878
0.11623023;-0.0013895751
0.11333529;-0.0015192687
0.10807034;-0.0016952816
0.10524487;-0.0018898222
0.1002038;-0.0020843626
0.0970155;-0.0022511117
0.092175148;-0.0025475544
0.088546813;-0.0027606224
0.08385314;-0.0030570652
0.080178484;-0.0033164525
0.076156437;-0.0036406869
0.071702078;-0.0040390315
0.067363515;-0.0044095851
0.062685274;-0.0047708745
0.058701828;-0.0050117341
0.053776555;-0.0053452323
0.050464734;-0.0059937006
0.045222949;-0.0068181818
0.042443801;-0.0077445651
0.037055336;-0.0088469619
0.03468534;-0.0102458
0.029659709;-0.011968873
0.027374629;-0.013895751
0.02292027;-0.016063489
0.021453496;-0.01848135
0.017423728;-0.021825593
0.016381547;-0.02566082
0.013200964;-0.029597949
0.013031127;-0.033840787
0.010830966;-0.037824236
0.010499012;-0.042224556
0.0089318799;-0.04718997
0.0089087207;-0.052553732
0.0078588193;-0.057834115
0.0075654644;-0.063271984
0.0074342266;-0.068969242
0.0070945527;-0.074629448
0.0068166377;-0.080354497
0.0060523716;-0.085690461
0.0063920454;-0.091063485
0.0051568677;-0.09671443
0.0059056943;-0.10179101
0.0044003213;-0.10721035
0.004925272;-0.11222208
0.0034276186;-0.11740983
0.004408041;-0.12244936
0.0028177495;-0.12771122
0.0038522109;-0.13270442
0.0022233201;-0.13791069
0.0030802249;-0.14273715
0.0015902915;-0.14739686
0.0023391182;-0.15150075
0.00039371295;-0.15625308
0.0014590538;-0.16044034
-0.0001003582;-0.16467391
0.00065618823;-0.16883337
-0.00034739377;-0.17319664
6.9478752e-005;-0.17716156
-0.00075654645;-0.18106164
-0.00050951086;-0.18497097
-0.00064074853;-0.18859313
-0.0011734189;-0.19221529
-0.0011425395;-0.19558732
-0.0017215292;-0.19894083
-0.0014976532;-0.20216465
-0.0022541997;-0.20495306
-0.0020380435;-0.20798233
-0.0031265439;-0.21109499
-0.0023005188;-0.21379076
-0.0033272603;-0.21627347
-0.0025938735;-0.21871912
-0.0037750124;-0.22103508
-0.0027714304;-0.22310092
-0.0044003213;-0.22511117
-0.0032809412;-0.22717699
-0.0046473569;-0.22907609
-0.0032655015;-0.23084548
-0.004925272;-0.23221652
-0.0035279768;-0.23369874
-0.0049638711;-0.23491231
-0.0037518528;-0.23631114
-0.0048789526;-0.23734869
-0.0039216899;-0.23841403
-0.0051414277;-0.23905323
-0.0042459238;-0.2394979
-0.0052495059;-0.23976655
-0.0046473569;-0.23990551
-0.0054579424;-0.23979434
-0.0051028286;-0.23948863
-0.0054888218;-0.23895134
-0.0057049775;-0.23811759
-0.0061064106;-0.23699667
-0.0068166377;-0.23556077
-0.0069864746;-0.23397666
-0.0082062129;-0.23220727
-0.0083220107;-0.23024333
-0.010221097;-0.22765872
-0.010977644;-0.22410141
-0.015540081;-0.21799654
-0.032006547;-0.19527236
-0.12957788;-0.069793724
-0.20500092;0.032516059
-0.17737927;-0.0015470603
-0.17465416;-0.0011301878
-0.17725575;0.0028347331
-0.17270875;0.0013988389
-0.1721838;0.0015655879
-0.16905725;0.0018064476
-0.16796103;0.0017601284
-0.16478045;0.0018712945
-0.16350667;0.0019454052
-0.16038784;0.0020473073
-0.15837297;0.0020565712
-0.15522327;0.0021677371
-0.15276834;0.0022140564
-0.14944108;0.0023437501
-0.14650753;0.0024271244
-0.14290236;0.0024919712
-0.13932806;0.0025938735
-0.13624012;0.0026401926
-0.13265039;0.0027791501
-0.12997931;0.0028810524
-0.12611938;0.0031867588
-0.12346375;0.0034461461
-0.11860795;0.0038444912
-0.11603724;0.0039741849
-0.11118916;0.0041224062
-0.10868793;0.0042150444
-0.10324543;0.0044466401
-0.10025784;0.0045392788
-0.094907977;0.0047245552
-0.092090227;0.0048913043
-0.086863883;0.0051136361
-0.083729617;0.0053267046
-0.078263961;0.0056324112
-0.074797742;0.0059195901
-0.069772109;0.0062808795
-0.066043414;0.0067162798
-0.06143466;0.0071146246
-0.057173297;0.0074388585
-0.052680336;0.0078464672
-0.048264574;0.0085505191
-0.044211648;0.0094491104
-0.039973445;0.010486661
-0.036553547;0.011653903
-0.032786254;0.013043478
-0.030308178;0.014673913
-0.026317008;0.016684165
-0.024309844;0.019092761
-0.020141119;0.021677371
-0.018573986;0.024614006
-0.014706337;0.027986042
-0.014003829;0.031515565
-0.011270998;0.035536066
-0.01116292;0.040492218
-0.0088238018;0.045439105
-0.0092483945;0.050691698
-0.0073415884;0.055805337
-0.0076117837;0.061511859
-0.0061604497;0.067051627
-0.0068243579;0.072433919
-0.0056972578;0.077973694
-0.0057204175;0.083680212
-0.0048943921;0.089219987
-0.004855793;0.094639331
-0.0042304844;0.10016058
-0.0040297676;0.1055058
-0.0038599309;0.11049901
-0.0032577817;0.11561265
-0.0033735796;0.12075408
-0.0024703557;0.12596962
-0.0028254695;0.13103694
-0.0015362524;0.13609499
-0.0023313982;0.14080101
-0.0010807806;0.14536808
-0.0017678483;0.14980546
-6.9478752e-005;0.15416873
-0.00084918475;0.15849493
0.00079514575;0.1630898
-0.00029335474;0.16772172
0.0012737772;0.17245553
0.00033967392;0.1764112
0.0019222456;0.18050581
0.0012197382;0.18420208
0.0020534832;0.18788908
0.0014822134;0.19175211
0.002400877;0.19551322
0.0021538413;0.19897789
0.0028409092;0.20198864
0.0026633523;0.20501791
0.0033349802;0.20813982
0.0036360549;0.21116909
0.0037518528;0.21418911
0.0039988882;0.21705163
0.0040992466;0.21992342
0.0045701582;0.2223876
0.0044466401;0.22444417
0.0049638711;0.22662117
0.0041610054;0.22890007
0.0053267046;0.23095664
0.0042690835;0.23286499
0.0055428608;0.23445837
0.0042690835;0.23607028
0.0058207759;0.23748764
0.0045469985;0.23880312
0.0061141304;0.23980361
0.0049021123;0.24072999
0.0059828926;0.24146183
0.0050642295;0.24209177
0.0065001235;0.24245307
0.0054656621;0.24274951
0.0064460845;0.24284214
0.0059211338;0.24275877
0.0069710352;0.24243453
0.0063997651;0.24196208
0.0072335103;0.24131361
0.0071794712;0.24043354
0.0078819785;0.23927557
0.0082448125;0.23772851
0.0089781992;0.2359128
0.0098196641;0.23377284
0.010421813;0.23131794
0.012421258;0.22765872
0.015277606;0.22159091
0.033087328;0.1992836
0.12687592;0.076630436
0.20802711;-0.030116724
0.17845233;0.0035387846
0.17778841;0.0038908103
0.17779614;-0.00029644268
0.17587389;0.001278409
0.17247716;0.0011209239
0.17173605;0.00089859188
0.16843966;0.00085227273
0.16712728;0.00084300892
0.16357616;0.00073184288
0.16222517;0.00075037056
0.1589288;0.00062994071
0.15690619;0.00057435769
0.15318522;0.00049098319
0.15067627;0.00042613636
0.14728723;0.00032423419
0.1441607;0.00022233202
0.14099555;0.00012969368
0.1374753;1.8527668e-005
0.13449544;-7.4110671e-005
0.13046566;-0.00030570652
0.12770967;-0.00048171935
0.12369534;-0.00093564723
0.12103199;-0.0011950346
0.11629199;-0.0013895751
0.11321949;-0.0015192687
0.10803946;-0.0017323369
0.10533752;-0.0018527668
0.10024241;-0.0020750989
0.0972085;-0.0022603755
0.091835476;-0.002510499
0.088762969;-0.0027235672
0.083474867;-0.0030570652
0.080479555;-0.0032793973
0.075446211;-0.003687006
0.072118945;-0.0039927126
0.066938922;-0.0044466401
0.063387781;-0.004733819
0.057814043;-0.0049376236
0.053954113;-0.0053822878
0.049731348;-0.0059844367
0.045917738;-0.0067996541
0.041818492;-0.007753829
0.037804164;-0.0089025442
0.03453866;-0.010255064
0.030246418;-0.01195961
0.027112154;-0.01394207
0.023205904;-0.016072752
0.021275939;-0.018490613
0.017624443;-0.021853384
0.016466465;-0.02566082
0.013502038;-0.029597949
0.012961647;-0.033850048
0.010499012;-0.037870552
0.010676568;-0.042317193
0.0087774824;-0.04726408
0.0091248769;-0.052627839
0.0075500249;-0.0578897
0.0082834112;-0.063327566
0.0069247158;-0.068987772
0.0075423047;-0.074740611
0.0063148467;-0.080382288
0.0067471592;-0.085690461
0.0056740982;-0.091100544
0.0056818184;-0.096686639
0.0051182681;-0.1018188
0.0048249136;-0.10723814
0.0045392788;-0.11225914
0.004184165;-0.11740983
0.0038058918;-0.12249567
0.0031188242;-0.12768343
0.003412179;-0.13276
0.0025938735;-0.13789217
0.0030956645;-0.14279273
0.0017138093;-0.14741538
0.0023159585;-0.15155633
0.00083374506;-0.15620677
0.0017987278;-0.16042182
0.0001389575;-0.16465539
0.0011811388;-0.16881485
-0.00033195404;-0.17326149
0.00077970605;-0.17713377
-0.00081830536;-0.18108943
0.0001621171;-0.18497097
-0.0013509758;-0.18862092
-0.00067934784;-0.19223382
-0.001845047;-0.19563365
-0.0011502594;-0.19901495
-0.0019994441;-0.20220171
-0.0018064476;-0.2049716
-0.0026015933;-0.20802866
-0.0025707139;-0.21109499
-0.0027945898;-0.21381855
-0.0030339055;-0.21631978
-0.0030416255;-0.21877471
-0.0034739377;-0.2211092
-0.0031265439;-0.22314723
-0.0040143281;-0.22518528
-0.0033427002;-0.2272789
-0.0042227642;-0.229178
-0.003404459;-0.23091033
-0.0046010376;-0.23231843
-0.0033427002;-0.23380065
-0.004840353;-0.23503274
-0.0034739377;-0.23644084
-0.004855793;-0.23749691
-0.0038522109;-0.23844182
-0.0052649458;-0.23909029
-0.0042227642;-0.23954421
-0.00556602;-0.23979434
-0.0045933179;-0.2399333
-0.0060369316;-0.23979434
-0.0050256299;-0.239572
-0.0059674531;-0.2389328
-0.0058053359;-0.23815465
-0.0065310029;-0.23699667
-0.0066004819;-0.23561636
-0.0072643897;-0.23394886
-0.0078974189;-0.23226285
-0.0085999258;-0.23030818
-0.01000494;-0.22769578
-0.0111938;-0.22409214
-0.015570961;-0.21797802
-0.032585535;-0.19527236
-0.12953156;-0.069914155
-0.20513216;0.032553114
-0.17736383;-0.0015007411
-0.1748317;-0.00111166
-0.17735611;0.0029366354
-0.17277822;0.0014636858
-0.17209116;0.0016211709
-0.16886425;0.0018064476
-0.16796875;0.0018157115
-0.16442533;0.0019176137
-0.16307436;0.0019454052
-0.15983202;0.0020565712
-0.15828805;0.0021028903
-0.15470603;0.0022047926
-0.15253675;0.0023066946
-0.14934844;0.0023252224
-0.14661561;0.0023900692
-0.14293323;0.0025290267
-0.13957509;0.0025938735
-0.13623241;0.002686512
-0.13278934;0.0027791501
-0.12980947;0.0028810524
-0.12584919;0.0031960227
-0.12319355;0.0035017293
-0.1185462;0.0038352273
-0.11567441;0.003964921
-0.11109653;0.0040946146
-0.10851809;0.0042613638
-0.1029598;0.004418849
-0.10011116;0.0045300149
-0.094367586;0.0047152913
-0.091704234;0.0048913043
-0.086377531;0.0051321639
-0.083065711;0.0053452323
-0.077700406;0.0056416751
-0.074658781;0.0058917985
-0.069571391;0.0062623518
-0.066166937;0.0067162798
-0.06081707;0.0071053607
-0.057181016;0.0074295946
-0.05236382;0.0077908845
-0.048241414;0.0084578805
-0.043902852;0.0093750004
-0.039803606;0.010440341
-0.036206152;0.011644639
-0.032786254;0.013034214
-0.029976223;0.014646121
-0.026517725;0.016684165
-0.023869812;0.019102026
-0.019963562;0.021658843
-0.018149395;0.02454916
-0.014652298;0.028013835
-0.013695034;0.031497035
-0.011039402;0.03554533
-0.010923604;0.040455163
-0.0086153653;0.045439105
-0.0087002842;0.050719492
-0.0066468008;0.055796072
-0.0073493081;0.06149333
-0.0058902544;0.066996045
-0.0069169961;0.07239686
-0.005411623;0.077945895
-0.0058284956;0.083689474
-0.0046705161;0.089164399
-0.0052803853;0.09456522
-0.0042536436;0.10008647
-0.0044466401;0.10549654
-0.0035588562;0.11047122
-0.0032423418;0.11556633
-0.0028331892;0.1206985
-0.0025321147;0.12596962
-0.0022233201;0.13096282
-0.0015980114;0.13603014
-0.0022156003;0.14079174
-0.0012042985;0.1453125
-0.0014822134;0.14981472
-0.00011579793;0.15411314
-0.00067934784;0.15851346
0.0008028656;0.16304348
-0.00038599307;0.16772172
0.0011888586;0.17243701
0.00027791501;0.1764112
0.001845047;0.18045022
0.00099586218;0.18416502
0.002400877;0.18781497
0.0014281744;0.19171505
0.0027791501;0.19549468
0.0020380435;0.19901495
0.0033118206;0.20198864
0.0026093132;0.20502718
0.0033041008;0.20816761
0.0032269021;0.21113203
0.0039216899;0.21416132
0.0037672925;0.21707016
0.0041764453;0.22001606
0.004338562;0.22236907
0.0045161191;0.22449975
0.0049407114;0.22662117
0.004840353;0.22887228
0.0052649458;0.23097517
0.0046164771;0.23286499
0.0059597334;0.23443058
0.004840353;0.23607028
0.0061141304;0.23745985
0.0049870308;0.23880312
0.0061913291;0.23987772
0.0051414277;0.24075778
0.0064692441;0.24150816
0.0052186265;0.24204545
0.0066313613;0.24249011
0.0054733818;0.24274024
0.0066931201;0.24286993
0.0056663784;0.2427773
0.0067857583;0.24249011
0.0064306445;0.24202693
0.0072566699;0.24135067
0.0069092764;0.24044281
0.0076503828;0.23934968
0.0080826953;0.23783042
0.0087157236;0.23596838
0.0096343877;0.23384696
0.010375494;0.23136425
0.012251421;0.2277143
0.015285326;0.2216187
0.033187684;0.1992836
0.12738544;0.076510005
0.2081738;-0.030163044
0.17851408;0.0035017293
0.17777297;0.0038815464
0.17823617;-0.00031497036
0.17612864;0.0012413538
0.17289402;0.0010282856
0.17192131;0.00080595358
0.16843194;0.00086153654
0.16718905;0.00079668971
0.16343719;0.00069478754
0.16228694;0.00066699606
0.15875895;0.00058362156
0.15693706;0.00050951086
0.15340137;0.00045392787
0.15109313;0.0003520257
0.14717144;0.00024085968
0.14436141;0.00020380435
0.141011;0.00012042984
0.13758337;-2.7791502e-005
0.13444139;-0.00010190217
0.13062006;-0.00029644268
0.12749352;-0.00051877473
0.12389606;-0.00097270258
0.12103199;-0.0011857707
0.11639235;-0.0013803112
0.11339705;-0.0014822134
0.10817842;-0.0016952816
0.10515995;-0.0018527668
0.10021924;-0.0020565712
0.097270258;-0.0022603755
0.091982149;-0.002510499
0.088778406;-0.0027235672
0.083281867;-0.0030292738
0.080695711;-0.0033071886
0.07535357;-0.0036684782
0.072157547;-0.0040482953
0.066823125;-0.0044281129
0.063341469;-0.0047430829
0.058130559;-0.0049283598
0.054370984;-0.0053267046
0.049731348;-0.0059937006
0.046157055;-0.0067996541
0.041787609;-0.007753829
0.037873641;-0.0089303358
0.03399827;-0.010273592
0.030192379;-0.011950346
0.026679842;-0.013960598
0.02288167;-0.016035696
0.02061975;-0.01850914
0.01731565;-0.021853384
0.015949234;-0.025725666
0.013077445;-0.029625742
0.012660573;-0.033877842
0.010406373;-0.037889082
0.010460412;-0.042270873
0.0084069297;-0.047273345
0.0089241602;-0.052562993
0.0071949111;-0.057852644
0.0079205781;-0.063271984
0.0064152051;-0.068959981
0.0073029893;-0.074638709
0.0059597334;-0.080382288
0.0064615244;-0.085718259
0.0053653037;-0.091082014
0.0056046196;-0.096686639
0.0048943921;-0.10174469
0.0049329917;-0.10722888
0.0044852397;-0.1122684
0.0042536436;-0.1173913
0.0039525693;-0.12247715
0.0034430583;-0.12765563
0.0035125371;-0.13272294
0.0026247529;-0.13784584
0.0031033843;-0.1427279
0.0018682065;-0.14743392
0.0022001606;-0.15157485
0.0007488266;-0.15621603
0.0015594121;-0.16045886
7.7198616e-005;-0.16472024
0.00094954297;-0.16887969
-0.00054039032;-0.17328928
0.00039371295;-0.17716156
-0.0011039402;-0.18114501
-0.00016983696;-0.18501729
-0.0017060895;-0.18871357
-0.00081830536;-0.19228014
-0.0019685647;-0.19560586
-0.001227458;-0.19900568
-0.0022773591;-0.20220171
-0.0019376853;-0.20496233
-0.0025243948;-0.20801012
-0.0023699976;-0.2111413
-0.0026170332;-0.21381855
-0.0027791501;-0.21625493
-0.0030416255;-0.21870986
-0.0034816577;-0.22106287
-0.0033041008;-0.22312871
-0.0040297676;-0.22513896
-0.0035742959;-0.22718626
-0.0044157607;-0.22911315
-0.0034662178;-0.23087327
-0.0045933179;-0.23226285
-0.0034970974;-0.23376359
-0.0049793106;-0.23499568
-0.0038522109;-0.23636672
-0.0053035449;-0.23738575
-0.0042227642;-0.2383955
-0.0057512969;-0.23901618
-0.0045547183;-0.23955348
-0.0059442935;-0.2398314
-0.0048094736;-0.23996109
-0.0059442935;-0.23977582
-0.0051877471;-0.23955348
-0.0063302866;-0.23894207
-0.0058516553;-0.23815465
-0.0069710352;-0.23700593
-0.006793478;-0.23563488
-0.0075423047;-0.23399518
-0.0080981348;-0.23226285
-0.0090013584;-0.23028965
-0.010251977;-0.22770505
-0.011402235;-0.2241292
-0.015763957;-0.21799654
-0.032500617;-0.19537427
-0.12959331;-0.069941945
-0.20520936;0.032488264
-0.17773438;-0.0015377965
-0.17519455;-0.0011394516
-0.17783473;0.0029088438
-0.17317966;0.0014081028
-0.17222239;0.0015933794
-0.16907269;0.0018157115
-0.16823122;0.00178792
-0.16490397;0.0018620306
-0.16369195;0.0019454052
-0.16021802;0.0020195157
-0.15848877;0.0020565712
-0.15498394;0.0021862648
-0.15308486;0.0022696394
-0.14966495;0.0023530137
-0.14689353;0.0024178608
-0.14331923;0.002510499
-0.13994566;0.0026031374
-0.13644856;0.0027050395
-0.13317533;0.0027976779
-0.13022634;0.0029088438
-0.12635097;0.0031404397
-0.12337883;0.0034832016
-0.11875463;0.0038074357
-0.11589056;0.0039278655
-0.11140532;0.0040853508
-0.10888865;0.0041872528
-0.10350791;0.0043817936
-0.10045084;0.0045114872
-0.094907977;0.0046967641
-0.092082508;0.0048635127
-0.087033719;0.0051136361
-0.083860859;0.005298913
-0.078472391;0.0056138835
-0.075376727;0.0059288535
-0.070003703;0.0062994072
-0.066352211;0.006697752
-0.061056387;0.0071238885
-0.057428051;0.0074481224
-0.052425582;0.0078001483
-0.048642848;0.0085319914
-0.044234809;0.0094305826
-0.040367156;0.010486661
-0.036522664;0.011653903
-0.033187684;0.013062006
-0.030323617;0.014683177
-0.026679842;0.016721221
-0.024302125;0.019083498
-0.020557992;0.021677371
-0.018504508;0.024567688
-0.014876174;0.028032362
-0.01394979;0.03148777
-0.011379076;0.03551754
-0.011186079;0.040464427
-0.0087466035;0.04544837
-0.0090322383;0.050738018
-0.0069787549;0.055786807
-0.0076967021;0.061530385
-0.0061758892;0.066986784
-0.0073570283;0.07239686
-0.005859375;0.077973694
-0.0064846836;0.083717264
-0.0051259883;0.089210719
-0.0053421441;0.094620802
-0.0044620801;0.10013278
-0.004631917;0.10546875
-0.0037441328;0.11041564
-0.0035665762;0.11552001
-0.0032500618;0.1206985
-0.0028949482;0.12594183
-0.0028254695;0.1309443
-0.0018913661;0.13603014
-0.0023236785;0.14081028
-0.0011039402;0.1453125
-0.0018296072;0.14975914
-0.0002007164;0.15405756
-0.0010962203;0.15846714
0.00077198615;0.16305274
-0.0002393157;0.16766614
0.0010499012;0.17240922
0.0001389575;0.17636487
0.00167521;0.18042243
0.00083374506;0.18417428
0.0023082385;0.18779644
0.0013123765;0.19169651
0.0025089551;0.19555953
0.0019917244;0.1989501
0.002956707;0.20201643
0.0027714304;0.20498085
0.0035356965;0.20817688
0.0033118206;0.21115983
0.0036360549;0.21416132
0.0040760869;0.21701458
0.0040220479;0.21995121
0.0044003213;0.22235981
0.0040760869;0.22448123
0.0048635127;0.22659338
0.0042227642;0.22890934
0.0052417861;0.23100297
0.004338562;0.23285574
0.0056046196;0.23443985
0.0047091157;0.23608881
0.0061990488;0.2374506
0.0047013955;0.23874752
0.006067811;0.23988698
0.0048249136;0.24072072
0.0060292119;0.24148037
0.0050487895;0.24203619
0.0063688857;0.24246232
0.0054502222;0.24273098
0.0065310029;0.24285141
0.0059442935;0.24272172
0.0069247158;0.24241601
0.0068320776;0.24198061
0.0072952691;0.24133214
0.0074110674;0.24042429
0.0079900566;0.23922925
0.0083528906;0.23772851
0.0088083623;0.23588501
0.0096498271;0.23386548
0.010236536;0.23131794
0.012228261;0.22765872
0.014991972;0.22157238
0.033149086;0.19922802
0.12704577;0.076408103
0.20803483;-0.030181572
0.17865303;0.0034646739
0.1777035;0.0038259635
0.17788105;-0.00030570652
0.17597425;0.0012413538
0.17263927;0.0010838686
0.17185956;0.00082448125
0.16820034;0.00082448125
0.16700377;0.00074110669
0.16334455;0.00067625986
0.16191638;0.00062994071
0.15864316;0.00050951086
0.15679811;0.00050951086
0.15312345;0.00042613636
0.15049098;0.00032423419
0.14688581;0.00023159586
0.14424561;0.0001389575
0.14116539;5.5583005e-005
0.13769917;-6.4846841e-005
0.13464983;-0.00017601285
0.13056602;-0.00032423419
0.1277637;-0.00056509388
0.12370306;-0.00098196638
0.12106287;-0.0012320899
0.11600636;-0.0014081028
0.11315002;-0.0015377965
0.10796998;-0.0017323369
0.10528348;-0.0018898222
0.10013433;-0.0021121542
0.097401492;-0.0022881669
0.091835476;-0.0024919712
0.088732094;-0.0027791501
0.08326643;-0.0030755929
0.080502719;-0.0033720357
0.075314969;-0.0037240612
0.071841031;-0.0040482953
0.066753641;-0.0044651679
0.063202508;-0.0047708745
0.058037922;-0.005020998
0.05411623;-0.0053822878
0.049731348;-0.006030756
0.04576334;-0.0068552373
0.041911129;-0.0078094122
0.03792768;-0.0089025442
0.034391984;-0.010301383
0.030030262;-0.011996665
0.026865119;-0.01398839
0.022927988;-0.016100543
0.021036623;-0.018536931
0.017261611;-0.021918232
0.016010992;-0.025707139
0.013139204;-0.029653532
0.012637413;-0.033924159
0.010429533;-0.037935399
0.010483572;-0.042298667
0.0084841279;-0.047319666
0.0088006426;-0.052618578
0.0071485918;-0.057908226
0.0080132168;-0.063355364
0.0066931201;-0.068987772
0.007364748;-0.074694291
0.0061604497;-0.080437869
0.0063225669;-0.08572752
0.0052803853;-0.091128334
0.0054888218;-0.096732952
0.0047940342;-0.1018188
0.0045778779;-0.10726593
0.0045006792;-0.11225914
0.0039216899;-0.11747468
0.0040066084;-0.1225142
0.0031419836;-0.12775753
0.0035665762;-0.13278779
0.0025243948;-0.13793848
0.0029798667;-0.14278348
0.0016288909;-0.14746171
0.0022078804;-0.15159337
0.00071794714;-0.15623456
0.0017060895;-0.1604774
0.00017755682;-0.16472024
0.0013123765;-0.16887043
-0.00016983696;-0.17325222
0.00057898962;-0.17714304
-0.0010730608;-0.18107089
-6.9478752e-005;-0.18498024
-0.0013664155;-0.18863019
-0.00071794714;-0.19226161
-0.001845047;-0.19566144
-0.0014281744;-0.19898716
-0.0023931572;-0.20216465
-0.0022001606;-0.2049716
-0.002454916;-0.20803791
-0.002671072;-0.21110424
-0.0027714304;-0.21382782
-0.0031342639;-0.21631978
-0.0030416255;-0.21878397
-0.0039911685;-0.22108139
-0.0033812993;-0.22318429
-0.0044543603;-0.22521307
-0.003682374;-0.22723259
-0.0048635127;-0.22908536
-0.0035588562;-0.23087327
-0.0048635127;-0.2322721
-0.0035048171;-0.23374505
-0.0050101904;-0.23504199
-0.0038676506;-0.23639451
-0.0051414277;-0.23743206
-0.0039911685;-0.2383955
-0.0053498643;-0.23909029
-0.0042999629;-0.23960906
-0.0054502222;-0.23987772
-0.0047091157;-0.23995183
-0.0058439351;-0.23986845
-0.0057281372;-0.23953496
-0.006291687;-0.23897913
-0.0063225669;-0.2381639
-0.0068475171;-0.23699667
-0.0073724678;-0.23557003
-0.0078202197;-0.23395813
-0.0089087207;-0.23228137
-0.0092097949;-0.2303267
-0.010645689;-0.22772357
-0.011502594;-0.22418478
-0.016296629;-0.21799654
-0.032546937;-0.19541131
-0.12952384;-0.070303239
-0.20537148;0.032516059
-0.17772666;-0.0015007411
-0.17509419;-0.0011765069
-0.17774209;0.0028254695
-0.17319509;0.0014081028
-0.17250803;0.0015470603
-0.16938148;0.0017601284
-0.16816175;0.0017323369
-0.16493484;0.001843503
-0.16349123;0.0018620306
-0.16039556;0.0019546689
-0.15852736;0.0020658351
-0.15530817;0.0021306819
-0.15289186;0.0022140564
-0.14941792;0.0022974308
-0.14670825;0.0023993331
-0.14321887;0.0024363883
-0.13971406;0.0025290267
-0.13674963;0.0026216651
-0.13315989;0.0027235672
-0.13024178;0.0028532608
-0.12627378;0.0031404397
-0.12347147;0.00345541
-0.11901711;0.0037611166
-0.11641552;0.0039278655
-0.11136673;0.0040390315
-0.10868793;0.0041965167
-0.10334579;0.0043447381
-0.10038136;0.0045207511
-0.094776742;0.0046782363
-0.091904953;0.0048820404
-0.086802125;0.0050580534
-0.083621539;0.0053174407
-0.078125;0.0055860919
-0.074797742;0.0059103263
-0.069787547;0.0062530879
-0.066298172;0.0066236411
-0.061102703;0.0070775691
-0.057319973;0.0073554842
-0.052827012;0.0077908845
-0.04860425;0.0084764082
-0.044304285;0.0093657365
-0.040166441;0.010421813
-0.036607586;0.011579793
-0.032863449;0.012950839
-0.030269578;0.014636857
-0.026347889;0.016628582
-0.024201766;0.019000124
-0.02012568;0.021566205
-0.018519947;0.024512105
-0.014845294;0.027958252
-0.014096468;0.031441454
-0.01116292;0.035480484
-0.01114748;0.040371787
-0.0087466035;0.04540205
-0.0090167988;0.050654646
-0.0070713931;0.055759016
-0.0075809043;0.061382163
-0.0060986909;0.066968255
-0.0067008398;0.072350547
-0.0055428608;0.077936634
-0.0057976162;0.083633892
-0.0049561514;0.089118086
-0.0048866724;0.094593011
-0.0045006792;0.10009573
-0.0045161191;0.10546875
-0.0040838066;0.11039711
-0.0037209734;0.1155478
-0.0037904521;0.12066144
-0.0030956645;0.12588625
-0.0032655015;0.13092576
-0.00223104;0.13601162
-0.0029258276;0.1407547
-0.0014744935;0.1453125
-0.0020534832;0.14969429
-0.00043231226;0.15402977
-0.0010962203;0.15845788
0.00051723071;0.16301569
-0.00043231226;0.16768466
0.0011425395;0.17235363
0.00019299654;0.17640193
0.0016443306;0.18037611
0.00089550397;0.18415576
0.0021538413;0.18778718
0.001567132;0.19166872
0.0025475544;0.19545764
0.0022001606;0.19895937
0.0028100295;0.20196085
0.0027945898;0.20495306
0.0030802249;0.20810276
0.0033504199;0.21112278
0.003628335;0.21411499
0.0040143281;0.21701458
0.0037209734;0.21991415
0.0043926011;0.22237833
0.0038830903;0.22443491
0.0049561514;0.22655633
0.0039294097;0.22886302
0.0052803853;0.23091033
0.0039448491;0.23285574
0.005411623;0.23441206
0.0043771616;0.23605175
0.0058516553;0.23742279
0.0046705161;0.23873827
0.0060214922;0.23982213
0.0049638711;0.2407022
0.0062530879;0.24146183
0.0050333496;0.24201766
0.0062608076;0.24246232
0.0055583003;0.24269392
0.0062299282;0.24278656
0.0057744565;0.24265687
0.0066313613;0.24238822
0.0064074853;0.24196208
0.0069864746;0.24135067
0.0072643897;0.2403409
0.0074651064;0.23920146
0.0084069297;0.23767292
0.0085999258;0.23587574
0.0098659834;0.2338099
0.010174777;0.23132721
0.012166502;0.2277143
0.01503057;0.22150753
0.033257164;0.19927433
0.12692997;0.076371044
0.20789587;-0.030135252
0.17837512;0.0034924655
0.17773438;0.0038722826
0.17793509;-0.00032423419
0.17573494;0.0011950346
0.17250803;0.0010375495
0.17168972;0.00085227273
0.16837791;0.00081521738
0.16685709;0.00075037056
0.16346808;0.00068552373
0.16183919;0.00064846838
0.15884387;0.00054656621
0.15654336;0.00045392787
0.15326241;0.00039834486
0.15041378;0.00029644268
0.14710197;0.00026865117
0.14392138;0.00015748518
0.141011;6.4846841e-005
0.13710475;-3.7055335e-005
0.13443367;-0.00012042984
0.13021091;-0.00031497036
0.12761703;-0.00054656621
0.12338655;-0.0010097579
0.12084671;-0.0012320899
0.11599092;-0.0013988389
0.11334301;-0.001510005
0.10799315;-0.0017230731
0.10545331;-0.0019176137
0.10018065;-0.0021399457
0.097501852;-0.0023344862
0.091943555;-0.0025846097
0.088840172;-0.0027791501
0.083482586;-0.0031126481
0.080626234;-0.0033627718
0.075631484;-0.0037425889
0.072026312;-0.0040575592
0.067239992;-0.0044929595
0.063202508;-0.0048264577
0.058338996;-0.0050487895
0.054185711;-0.0054378705
0.050179102;-0.0060770749
0.045871418;-0.0068645012
0.042088687;-0.0078372033
0.037433609;-0.0089488635
0.034500062;-0.010310647
0.030184658;-0.012042984
0.027204793;-0.014016181
0.02288167;-0.016137598
0.021167861;-0.018583251
0.01728477;-0.02196455
0.016003273;-0.025799777
0.012907608;-0.029736906
0.012814971;-0.033961214
0.010244257;-0.037953928
0.010267416;-0.042335723
0.0083760498;-0.047356721
0.0086308056;-0.052674159
0.0071254321;-0.058000866
0.0076349434;-0.063373886
0.0067780386;-0.069034092
0.0071640317;-0.074768402
0.0064306445;-0.080419339
0.006291687;-0.085810892
0.0059288535;-0.091128334
0.0056046196;-0.09678854
0.0051414277;-0.10183733
0.0045315586;-0.10731225
0.0046241973;-0.11224987
0.0037981719;-0.11746541
0.0041224062;-0.12252347
0.0030879446;-0.12780385
0.0038367712;-0.13284338
0.0025012351;-0.13798481
0.0031419836;-0.14287612
0.0017215292;-0.14752656
0.0022233201;-0.15165822
0.00069478754;-0.15628088
0.0015902915;-0.16049592
6.9478752e-005;-0.16472024
0.0010499012;-0.16891675
-0.00043231226;-0.17328928
0.00045547183;-0.17720789
-0.00097270258;-0.18115428
-0.00023159586;-0.18502656
-0.001343256;-0.18869503
-0.00093410327;-0.19232646
-0.0017987278;-0.19566144
-0.0017138093;-0.19901495
-0.0022387598;-0.20225729
-0.0025089551;-0.20499012
-0.0027019517;-0.20802866
-0.0030416255;-0.21112278
-0.0027328311;-0.21386488
-0.0037132534;-0.21632905
-0.0030261858;-0.21878397
-0.0042382041;-0.22109066
-0.0032500618;-0.22320281
-0.0043848814;-0.22519454
-0.0034893774;-0.22729743
-0.0049715908;-0.2291224
-0.0037750124;-0.23091033
-0.0051645874;-0.23229064
-0.0037672925;-0.23375432
-0.0051182681;-0.23503274
-0.0042227642;-0.23640378
-0.0055583003;-0.23743206
-0.0044157607;-0.23838624
-0.0055197012;-0.23907176
-0.0044466401;-0.23956275
-0.0053189849;-0.2398314
-0.0046782363;-0.23997962
-0.0056200591;-0.23984993
-0.0055197012;-0.23954421
-0.0058979741;-0.23901618
-0.00615273;-0.23817317
-0.0064846836;-0.23704298
-0.0072180708;-0.23564415
-0.0074265068;-0.23393033
-0.0085922061;-0.23222579
-0.0089550391;-0.23028965
-0.010630249;-0.22775136
-0.011332757;-0.22413847
-0.016234869;-0.21800581
-0.032709055;-0.19533721
-0.12987123;-0.069812253
-0.20525569;0.032423418
-0.17763402;-0.0016211709
-0.17500927;-0.0012135622
-0.17759542;0.0028254695
-0.17304842;0.0013617836
-0.17240767;0.0015285326
-0.16927341;0.0017508647
-0.16813086;0.0017601284
-0.16510469;0.0018157115
-0.16369195;0.0018898222
-0.16042644;0.0019546689
-0.15855052;0.0020102519
-0.15537766;0.0020843626
-0.15279922;0.0022233201
-0.14956459;0.0022789033
-0.14658473;0.0023530137
-0.14341187;0.0024363883
-0.13964458;0.0024919712
-0.13653347;0.0025568181
-0.13282794;0.0026587204
-0.13055058;0.0027976779
-0.1262043;0.0030663291
-0.12361815;0.0033349802
-0.11914063;0.003687006
-0.11641552;0.0038630187
-0.11155972;0.0040112403
-0.10883461;0.0041131424
-0.10350019;0.0043076826
-0.10052032;0.0044095851
-0.095039219;0.0046226531
-0.092051633;0.0047801384
-0.086925641;0.005020998
-0.083575219;0.0052433303
-0.078634508;0.0055397726
-0.075183734;0.0058084237
-0.070451461;0.0061882413
-0.066498891;0.00659585
-0.061581336;0.0070127225
-0.05735857;0.0073276926
-0.052865613;0.0077075097
-0.048488449;0.008420825
-0.044512723;0.0093101533
-0.040151;0.01036623
-0.036931816;0.011561265
-0.032902051;0.012997159
-0.030508893;0.014572011
-0.026510006;0.016619319
-0.024526;0.018953804
-0.020357275;0.02157547
-0.018689785;0.024465786
-0.014791255;0.027921196
-0.014081027;0.031413659
-0.011572072;0.035424903
-0.011325037;0.040381052
-0.0090167988;0.045346469
-0.0092715537;0.050580535
-0.0072952691;0.055684905
-0.0076117837;0.061428484
-0.0064692441;0.066949725
-0.0068243579;0.072350547
-0.0058207759;0.077853262
-0.0058516553;0.083559781
-0.0052031865;0.089108817
-0.0049329917;0.0945189
-0.0047863144;0.10009573
-0.0041532856;0.1054039
-0.0041687251;0.11036006
-0.0033427002;0.11552001
-0.0040066084;0.1206707
-0.0026942317;0.12585846
-0.0032655015;0.13087945
-0.0017910079;0.13595603
-0.0028486289;0.14070837
-0.0013278162;0.14528471
-0.001953125;0.14968503
-0.00021615613;0.15402977
-0.0010421813;0.15845788
0.00050179102;0.16301569
-0.00033195404;0.16762908
0.00092638342;0.17236289
7.7198616e-005;0.17629077
0.0014127347;0.1804039
0.00081058545;0.18414649
0.0017060895;0.18779644
0.0014899333;0.19161314
0.0020843626;0.19546689
0.002169281;0.19894083
0.0024163167;0.20191452
0.0026170332;0.2049716
0.0027173914;0.20809351
0.0033812993;0.21112278
0.0031574233;0.21406868
0.0038213315;0.21701458
0.0035588562;0.21991415
0.0045083994;0.22233202
0.0039757285;0.22440712
0.0049870308;0.22656558
0.0040760869;0.22888155
0.0053344243;0.23090106
0.004199605;0.23281868
0.0054502222;0.23439352
0.0043076826;0.23602396
0.0056740982;0.237395
0.0045238389;0.23873827
0.0060369316;0.23976655
0.0047554346;0.24067441
0.0060369316;0.24138772
0.0050565093;0.24199913
0.0060986909;0.24238822
0.0052109067;0.2426476
0.0060137725;0.24271245
0.0056895381;0.24263833
0.0063380064;0.24236043
0.0063302866;0.2418787
0.0068552373;0.2412395
0.0072798296;0.2403409
0.0076272232;0.23921072
0.0083760498;0.23766366
0.0085150078;0.23584795
0.0098351035;0.23374505
0.010174777;0.23126236
0.012459856;0.22756608
0.014907053;0.22148901
0.033141367;0.19917244
0.12665977;0.076408103
0.20761795;-0.0302001
0.17798913;0.0034739377
0.1771245;0.003788908
0.17748734;-0.00037981718
0.17545702;0.0012228261
0.17209888;0.00099123025
0.17141953;0.0008708004
0.16799963;0.0007874259
0.16677217;0.00074110669
0.16322103;0.00062994071
0.16166934;0.00057435769
0.1585428;0.00052803854
0.15626544;0.0004354002
0.15287642;0.00036128954
0.1500278;0.00031497036
0.14683177;0.00019454051
0.1438133;8.3374507e-005
0.14060184;4.6319168e-005
0.13713562;-7.4110671e-005
0.13417892;-0.00018527667
0.1301337;-0.00037055335
0.12735456;-0.00062994071
0.12340199;-0.0010653409
0.12083899;-0.0012876729
0.11592145;-0.0014729496
0.11297245;-0.0016026433
0.10775383;-0.0017508647
0.105021;-0.0019546689
0.099817812;-0.0021492094
0.0970155;-0.0023715415
0.091573;-0.0025938735
0.088662609;-0.0028625247
0.083359063;-0.0031126481
0.080332883;-0.0033812993
0.075438485;-0.0037425889
0.071902789;-0.0040946146
0.067070156;-0.0045114872
0.06318707;-0.0048171938
0.058145996;-0.0050302618
0.054000434;-0.0054193428
0.049978383;-0.0060863388
0.045662981;-0.0068922923
0.042135004;-0.0078649949
0.037464488;-0.0089766551
0.034376543;-0.010347703
0.029821826;-0.012033721
0.027127594;-0.014034709
0.022789031;-0.016137598
0.020998023;-0.018546196
0.017030016;-0.021927495
0.016103631;-0.025734931
0.012923049;-0.029653532
0.012506176;-0.033896368
0.010182497;-0.037907608
0.010383214;-0.042335723
0.0083837695;-0.047319666
0.0087929228;-0.052627839
0.0072721099;-0.057898961
0.0077044219;-0.063290514
0.0065387227;-0.069052622
0.0069864746;-0.07474988
0.0060755312;-0.080419339
0.0061141304;-0.085755311
0.0052495059;-0.091146864
0.0050951089;-0.09674222
0.0047168355;-0.10186512
0.004408041;-0.10731225
0.0044234809;-0.11225914
0.0036746541;-0.1174932
0.0040066084;-0.12256978
0.0029412673;-0.12777606
0.0036592144;-0.13284338
0.0024703557;-0.13800333
0.0032886611;-0.14282052
0.0017987278;-0.1474895
0.0023854373;-0.15164897
0.00068706769;-0.15628088
0.0015130929;-0.16053298
7.7198616e-005;-0.16475728
0.0012814971;-0.16889822
-0.00038599307;-0.17327075
0.00033195404;-0.17719862
-0.0010653409;-0.18115428
-0.0001003582;-0.18501729
-0.0013509758;-0.18866724
-0.00081058545;-0.19227087
-0.0017832881;-0.19563365
-0.00167521;-0.19902422
-0.0020457634;-0.2022295
-0.0020766428;-0.20493454
-0.0024317564;-0.20805645
-0.0028100295;-0.21111351
-0.0028023098;-0.21384634
-0.0034816577;-0.21633832
-0.0030802249;-0.21878397
-0.0043617217;-0.22109066
-0.0035588562;-0.22317502
-0.0047322754;-0.22516675
-0.0037286931;-0.22722332
-0.0051645874;-0.229178
-0.0037981719;-0.23088254
-0.0053189849;-0.23224431
-0.0038599309;-0.23376359
-0.0053189849;-0.23500495
-0.0041610054;-0.23636672
-0.0055197012;-0.23744133
-0.0043771616;-0.2383955
-0.0057126977;-0.23909956
-0.0048094736;-0.23959054
-0.005635499;-0.23984066
-0.0049793106;-0.23995183
-0.0058902544;-0.23984993
-0.0053807436;-0.23951642
-0.0060446518;-0.23898838
-0.0062530879;-0.23817317
-0.0066622407;-0.23700593
-0.0073261489;-0.23558857
-0.0076889824;-0.23392107
-0.0088624014;-0.23220727
-0.0091017168;-0.23030818
-0.010807807;-0.22775136
-0.011394516;-0.22411993
-0.016088191;-0.21806139
-0.032554656;-0.19540206
-0.12992527;-0.070099428
-0.2052248;0.032497529
-0.17759542;-0.0015655879
-0.17497067;-0.0011950346
-0.17774209;0.002843997
-0.17303298;0.0013803112
-0.17241539;0.0015655879
-0.16941236;0.0017601284
-0.1683007;0.0017786562
-0.16475728;0.0018620306
-0.16351439;0.0019083498
-0.16050364;0.0019824605
-0.15875123;0.0020473073
-0.15545486;0.0021399457
-0.1529845;0.0022140564
-0.14995059;0.0023344862
-0.14687809;0.0023715415
-0.14353539;0.0024734437
-0.13958281;0.0025753458
-0.13671103;0.0026309288
-0.13295917;0.0027328311
-0.13033442;0.002843997
-0.12596498;0.0031404397
-0.12357955;0.0033998271
-0.1187392;0.0037147973
-0.11608356;0.0039000742
-0.11142848;0.0041038785
-0.10865705;0.004177989
-0.10335351;0.0043447381
-0.1005126;0.0044651679
-0.094946578;0.0046689725
-0.092437625;0.0048542488
-0.087149516;0.0050951089
-0.083799101;0.0052896491
-0.078480117;0.0055583003
-0.074720539;0.0058454792
-0.069802992;0.0062252963
-0.066174656;0.0066699605
-0.060948309;0.0070497775
-0.057412609;0.0073832758
-0.052927371;0.0077723567
-0.048882164;0.0084671443
-0.044574481;0.009328681
-0.040452074;0.010384758
-0.037093934;0.011570529
-0.033187684;0.012950839
-0.030470295;0.01461833
-0.026602643;0.016693428
-0.024580039;0.01903718
-0.020295516;0.021658843
-0.018558547;0.024530632
-0.014582818;0.027948987
-0.014011549;0.03145998
-0.011402235;0.035480484
-0.011340477;0.040399581
-0.0087852022;0.045429841
-0.0091557559;0.050691698
-0.0071949111;0.055759016
-0.0078433799;0.061465539
-0.0061064106;0.066968255
-0.0069710352;0.072341278
-0.0055968999;0.077908844
